{
    "AND":{
        "name":"Andorra",
        "currency":"EUR",
        "population":77006,
        "capital":"Andorra la Vella",
        "continent":"Europe",
        "area":468.0
    },
    "ARE":{
        "name":"United Arab Emirates",
        "currency":"AED",
        "population":9630959,
        "capital":"Abu Dhabi",
        "continent":"Asia",
        "area":82880.0
    },
    "AFG":{
        "name":"Afghanistan",
        "currency":"AFN",
        "population":37172386,
        "capital":"Kabul",
        "continent":"Asia",
        "area":647500.0
    },
    "ATG":{
        "name":"Antigua and Barbuda",
        "currency":"XCD",
        "population":96286,
        "capital":"St John's",
        "continent":"North America",
        "area":443.0
    },
    "AIA":{
        "name":"Anguilla",
        "currency":"XCD",
        "population":13254,
        "capital":"The Valley",
        "continent":"North America",
        "area":102.0
    },
    "ALB":{
        "name":"Albania",
        "currency":"ALL",
        "population":2866376,
        "capital":"Tirana",
        "continent":"Europe",
        "area":28748.0
    },
    "ARM":{
        "name":"Armenia",
        "currency":"AMD",
        "population":2951776,
        "capital":"Yerevan",
        "continent":"Asia",
        "area":29800.0
    },
    "AGO":{
        "name":"Angola",
        "currency":"AOA",
        "population":30809762,
        "capital":"Luanda",
        "continent":"Africa",
        "area":1246700.0
    },
    "ATA":{
        "name":"Antarctica",
        "currency":"",
        "population":0,
        "capital":"",
        "continent":"Antarctica",
        "area":14000000.0
    },
    "ARG":{
        "name":"Argentina",
        "currency":"ARS",
        "population":44494502,
        "capital":"Buenos Aires",
        "continent":"South America",
        "area":2766890.0
    },
    "ASM":{
        "name":"American Samoa",
        "currency":"USD",
        "population":55465,
        "capital":"Pago Pago",
        "continent":"Oceania",
        "area":199.0
    },
    "AUT":{
        "name":"Austria",
        "currency":"EUR",
        "population":8847037,
        "capital":"Vienna",
        "continent":"Europe",
        "area":83858.0
    },
    "AUS":{
        "name":"Australia",
        "currency":"AUD",
        "population":24992369,
        "capital":"Canberra",
        "continent":"Oceania",
        "area":7686850.0
    },
    "ABW":{
        "name":"Aruba",
        "currency":"AWG",
        "population":105845,
        "capital":"Oranjestad",
        "continent":"North America",
        "area":193.0
    },
    "ALA":{
        "name":"Aland",
        "currency":"EUR",
        "population":26711,
        "capital":"Mariehamn",
        "continent":"Europe",
        "area":1580.0
    },
    "AZE":{
        "name":"Azerbaijan",
        "currency":"AZN",
        "population":9942334,
        "capital":"Baku",
        "continent":"Asia",
        "area":86600.0
    },
    "BIH":{
        "name":"Bosnia and Herzegovina",
        "currency":"BAM",
        "population":3323929,
        "capital":"Sarajevo",
        "continent":"Europe",
        "area":51129.0
    },
    "BRB":{
        "name":"Barbados",
        "currency":"BBD",
        "population":286641,
        "capital":"Bridgetown",
        "continent":"North America",
        "area":431.0
    },
    "BGD":{
        "name":"Bangladesh",
        "currency":"BDT",
        "population":161356039,
        "capital":"Dhaka",
        "continent":"Asia",
        "area":144000.0
    },
    "BEL":{
        "name":"Belgium",
        "currency":"EUR",
        "population":11422068,
        "capital":"Brussels",
        "continent":"Europe",
        "area":30510.0
    },
    "BFA":{
        "name":"Burkina Faso",
        "currency":"XOF",
        "population":19751535,
        "capital":"Ouagadougou",
        "continent":"Africa",
        "area":274200.0
    },
    "BGR":{
        "name":"Bulgaria",
        "currency":"BGN",
        "population":7000039,
        "capital":"Sofia",
        "continent":"Europe",
        "area":110910.0
    },
    "BHR":{
        "name":"Bahrain",
        "currency":"BHD",
        "population":1569439,
        "capital":"Manama",
        "continent":"Asia",
        "area":665.0
    },
    "BDI":{
        "name":"Burundi",
        "currency":"BIF",
        "population":11175378,
        "capital":"Gitega",
        "continent":"Africa",
        "area":27830.0
    },
    "BEN":{
        "name":"Benin",
        "currency":"XOF",
        "population":11485048,
        "capital":"Porto-Novo",
        "continent":"Africa",
        "area":112620.0
    },
    "BLM":{
        "name":"Saint Barthelemy",
        "currency":"EUR",
        "population":8450,
        "capital":"Gustavia",
        "continent":"North America",
        "area":21.0
    },
    "BMU":{
        "name":"Bermuda",
        "currency":"BMD",
        "population":63968,
        "capital":"Hamilton",
        "continent":"North America",
        "area":53.0
    },
    "BRN":{
        "name":"Brunei",
        "currency":"BND",
        "population":428962,
        "capital":"Bandar Seri Begawan",
        "continent":"Asia",
        "area":5770.0
    },
    "BOL":{
        "name":"Bolivia",
        "currency":"BOB",
        "population":11353142,
        "capital":"Sucre",
        "continent":"South America",
        "area":1098580.0
    },
    "BES":{
        "name":"Bonaire, Sint Eustatius, and Saba",
        "currency":"USD",
        "population":18012,
        "capital":"Kralendijk",
        "continent":"North America",
        "area":328.0
    },
    "BRA":{
        "name":"Brazil",
        "currency":"BRL",
        "population":209469333,
        "capital":"Brasilia",
        "continent":"South America",
        "area":8511965.0
    },
    "BHS":{
        "name":"Bahamas",
        "currency":"BSD",
        "population":385640,
        "capital":"Nassau",
        "continent":"North America",
        "area":13940.0
    },
    "BTN":{
        "name":"Bhutan",
        "currency":"BTN",
        "population":754394,
        "capital":"Thimphu",
        "continent":"Asia",
        "area":47000.0
    },
    "BVT":{
        "name":"Bouvet Island",
        "currency":"NOK",
        "population":0,
        "capital":"",
        "continent":"Antarctica",
        "area":49.0
    },
    "BWA":{
        "name":"Botswana",
        "currency":"BWP",
        "population":2254126,
        "capital":"Gaborone",
        "continent":"Africa",
        "area":600370.0
    },
    "BLR":{
        "name":"Belarus",
        "currency":"BYN",
        "population":9485386,
        "capital":"Minsk",
        "continent":"Europe",
        "area":207600.0
    },
    "BLZ":{
        "name":"Belize",
        "currency":"BZD",
        "population":383071,
        "capital":"Belmopan",
        "continent":"North America",
        "area":22966.0
    },
    "CAN":{
        "name":"Canada",
        "currency":"CAD",
        "population":37058856,
        "capital":"Ottawa",
        "continent":"North America",
        "area":9984670.0
    },
    "CCK":{
        "name":"Cocos (Keeling) Islands",
        "currency":"AUD",
        "population":628,
        "capital":"West Island",
        "continent":"Asia",
        "area":14.0
    },
    "COD":{
        "name":"DR Congo",
        "currency":"CDF",
        "population":84068091,
        "capital":"Kinshasa",
        "continent":"Africa",
        "area":2345410.0
    },
    "CAF":{
        "name":"Central African Republic",
        "currency":"XAF",
        "population":4666377,
        "capital":"Bangui",
        "continent":"Africa",
        "area":622984.0
    },
    "COG":{
        "name":"Congo Republic",
        "currency":"XAF",
        "population":5244363,
        "capital":"Brazzaville",
        "continent":"Africa",
        "area":342000.0
    },
    "CHE":{
        "name":"Switzerland",
        "currency":"CHF",
        "population":8516543,
        "capital":"Bern",
        "continent":"Europe",
        "area":41290.0
    },
    "CIV":{
        "name":"Ivory Coast",
        "currency":"XOF",
        "population":25069229,
        "capital":"Yamoussoukro",
        "continent":"Africa",
        "area":322460.0
    },
    "COK":{
        "name":"Cook Islands",
        "currency":"NZD",
        "population":21388,
        "capital":"Avarua",
        "continent":"Oceania",
        "area":240.0
    },
    "CHL":{
        "name":"Chile",
        "currency":"CLP",
        "population":18729160,
        "capital":"Santiago",
        "continent":"South America",
        "area":756950.0
    },
    "CMR":{
        "name":"Cameroon",
        "currency":"XAF",
        "population":25216237,
        "capital":"Yaounde",
        "continent":"Africa",
        "area":475440.0
    },
    "CHN":{
        "name":"China",
        "currency":"CNY",
        "population":1411778724,
        "capital":"Beijing",
        "continent":"Asia",
        "area":9596960.0
    },
    "COL":{
        "name":"Colombia",
        "currency":"COP",
        "population":49648685,
        "capital":"Bogota",
        "continent":"South America",
        "area":1138910.0
    },
    "CRI":{
        "name":"Costa Rica",
        "currency":"CRC",
        "population":4999441,
        "capital":"San Jose",
        "continent":"North America",
        "area":51100.0
    },
    "CUB":{
        "name":"Cuba",
        "currency":"CUP",
        "population":11338138,
        "capital":"Havana",
        "continent":"North America",
        "area":110860.0
    },
    "CPV":{
        "name":"Cabo Verde",
        "currency":"CVE",
        "population":543767,
        "capital":"Praia",
        "continent":"Africa",
        "area":4033.0
    },
    "CUW":{
        "name":"Curacao",
        "currency":"ANG",
        "population":159849,
        "capital":"Willemstad",
        "continent":"North America",
        "area":444.0
    },
    "CXR":{
        "name":"Christmas Island",
        "currency":"AUD",
        "population":1500,
        "capital":"Flying Fish Cove",
        "continent":"Oceania",
        "area":135.0
    },
    "CYP":{
        "name":"Cyprus",
        "currency":"EUR",
        "population":1189265,
        "capital":"Nicosia",
        "continent":"Europe",
        "area":9250.0
    },
    "CZE":{
        "name":"Czechia",
        "currency":"CZK",
        "population":10625695,
        "capital":"Prague",
        "continent":"Europe",
        "area":78866.0
    },
    "DEU":{
        "name":"Germany",
        "currency":"EUR",
        "population":82927922,
        "capital":"Berlin",
        "continent":"Europe",
        "area":357021.0
    },
    "DJI":{
        "name":"Djibouti",
        "currency":"DJF",
        "population":958920,
        "capital":"Djibouti",
        "continent":"Africa",
        "area":23000.0
    },
    "DNK":{
        "name":"Denmark",
        "currency":"DKK",
        "population":5797446,
        "capital":"Copenhagen",
        "continent":"Europe",
        "area":43094.0
    },
    "DMA":{
        "name":"Dominica",
        "currency":"XCD",
        "population":71625,
        "capital":"Roseau",
        "continent":"North America",
        "area":754.0
    },
    "DOM":{
        "name":"Dominican Republic",
        "currency":"DOP",
        "population":10627165,
        "capital":"Santo Domingo",
        "continent":"North America",
        "area":48730.0
    },
    "DZA":{
        "name":"Algeria",
        "currency":"DZD",
        "population":42228429,
        "capital":"Algiers",
        "continent":"Africa",
        "area":2381740.0
    },
    "ECU":{
        "name":"Ecuador",
        "currency":"USD",
        "population":17084357,
        "capital":"Quito",
        "continent":"South America",
        "area":283560.0
    },
    "EST":{
        "name":"Estonia",
        "currency":"EUR",
        "population":1320884,
        "capital":"Tallinn",
        "continent":"Europe",
        "area":45226.0
    },
    "EGY":{
        "name":"Egypt",
        "currency":"EGP",
        "population":98423595,
        "capital":"Cairo",
        "continent":"Africa",
        "area":1001450.0
    },
    "ESH":{
        "name":"Western Sahara",
        "currency":"MAD",
        "population":273008,
        "capital":"",
        "continent":"Africa",
        "area":266000.0
    },
    "ERI":{
        "name":"Eritrea",
        "currency":"ERN",
        "population":6209262,
        "capital":"Asmara",
        "continent":"Africa",
        "area":121320.0
    },
    "ESP":{
        "name":"Spain",
        "currency":"EUR",
        "population":46723749,
        "capital":"Madrid",
        "continent":"Europe",
        "area":504782.0
    },
    "ETH":{
        "name":"Ethiopia",
        "currency":"ETB",
        "population":109224559,
        "capital":"Addis Ababa",
        "continent":"Africa",
        "area":1127127.0
    },
    "FIN":{
        "name":"Finland",
        "currency":"EUR",
        "population":5518050,
        "capital":"Helsinki",
        "continent":"Europe",
        "area":337030.0
    },
    "FJI":{
        "name":"Fiji",
        "currency":"FJD",
        "population":883483,
        "capital":"Suva",
        "continent":"Oceania",
        "area":18270.0
    },
    "FLK":{
        "name":"Falkland Islands",
        "currency":"FKP",
        "population":2638,
        "capital":"Stanley",
        "continent":"South America",
        "area":12173.0
    },
    "FSM":{
        "name":"Micronesia",
        "currency":"USD",
        "population":112640,
        "capital":"Palikir",
        "continent":"Oceania",
        "area":702.0
    },
    "FRO":{
        "name":"Faroe Islands",
        "currency":"DKK",
        "population":48497,
        "capital":"Torshavn",
        "continent":"Europe",
        "area":1399.0
    },
    "FRA":{
        "name":"France",
        "currency":"EUR",
        "population":66987244,
        "capital":"Paris",
        "continent":"Europe",
        "area":547030.0
    },
    "GAB":{
        "name":"Gabon",
        "currency":"XAF",
        "population":2119275,
        "capital":"Libreville",
        "continent":"Africa",
        "area":267667.0
    },
    "GBR":{
        "name":"United Kingdom",
        "currency":"GBP",
        "population":66488991,
        "capital":"London",
        "continent":"Europe",
        "area":244820.0
    },
    "GRD":{
        "name":"Grenada",
        "currency":"XCD",
        "population":111454,
        "capital":"St. George's",
        "continent":"North America",
        "area":344.0
    },
    "GEO":{
        "name":"Georgia",
        "currency":"GEL",
        "population":3731000,
        "capital":"Tbilisi",
        "continent":"Asia",
        "area":69700.0
    },
    "GUF":{
        "name":"French Guiana",
        "currency":"EUR",
        "population":195506,
        "capital":"Cayenne",
        "continent":"South America",
        "area":91000.0
    },
    "GGY":{
        "name":"Guernsey",
        "currency":"GBP",
        "population":65228,
        "capital":"St Peter Port",
        "continent":"Europe",
        "area":78.0
    },
    "GHA":{
        "name":"Ghana",
        "currency":"GHS",
        "population":29767108,
        "capital":"Accra",
        "continent":"Africa",
        "area":239460.0
    },
    "GIB":{
        "name":"Gibraltar",
        "currency":"GIP",
        "population":33718,
        "capital":"Gibraltar",
        "continent":"Europe",
        "area":6.5
    },
    "GRL":{
        "name":"Greenland",
        "currency":"DKK",
        "population":56025,
        "capital":"Nuuk",
        "continent":"North America",
        "area":2166086.0
    },
    "GMB":{
        "name":"The Gambia",
        "currency":"GMD",
        "population":2280102,
        "capital":"Banjul",
        "continent":"Africa",
        "area":11300.0
    },
    "GIN":{
        "name":"Guinea",
        "currency":"GNF",
        "population":12414318,
        "capital":"Conakry",
        "continent":"Africa",
        "area":245857.0
    },
    "GLP":{
        "name":"Guadeloupe",
        "currency":"EUR",
        "population":443000,
        "capital":"Basse-Terre",
        "continent":"North America",
        "area":1780.0
    },
    "GNQ":{
        "name":"Equatorial Guinea",
        "currency":"XAF",
        "population":1308974,
        "capital":"Malabo",
        "continent":"Africa",
        "area":28051.0
    },
    "GRC":{
        "name":"Greece",
        "currency":"EUR",
        "population":10727668,
        "capital":"Athens",
        "continent":"Europe",
        "area":131940.0
    },
    "SGS":{
        "name":"South Georgia and South Sandwich Islands",
        "currency":"GBP",
        "population":30,
        "capital":"Grytviken",
        "continent":"Antarctica",
        "area":3903.0
    },
    "GTM":{
        "name":"Guatemala",
        "currency":"GTQ",
        "population":17247807,
        "capital":"Guatemala City",
        "continent":"North America",
        "area":108890.0
    },
    "GUM":{
        "name":"Guam",
        "currency":"USD",
        "population":165768,
        "capital":"Hagatna",
        "continent":"Oceania",
        "area":549.0
    },
    "GNB":{
        "name":"Guinea-Bissau",
        "currency":"XOF",
        "population":1874309,
        "capital":"Bissau",
        "continent":"Africa",
        "area":36120.0
    },
    "GUY":{
        "name":"Guyana",
        "currency":"GYD",
        "population":779004,
        "capital":"Georgetown",
        "continent":"South America",
        "area":214970.0
    },
    "HKG":{
        "name":"Hong Kong",
        "currency":"HKD",
        "population":7451000,
        "capital":"Hong Kong",
        "continent":"Asia",
        "area":1092.0
    },
    "HMD":{
        "name":"Heard and McDonald Islands",
        "currency":"AUD",
        "population":0,
        "capital":"",
        "continent":"Antarctica",
        "area":412.0
    },
    "HND":{
        "name":"Honduras",
        "currency":"HNL",
        "population":9587522,
        "capital":"Tegucigalpa",
        "continent":"North America",
        "area":112090.0
    },
    "HRV":{
        "name":"Croatia",
        "currency":"HRK",
        "population":4089400,
        "capital":"Zagreb",
        "continent":"Europe",
        "area":56542.0
    },
    "HTI":{
        "name":"Haiti",
        "currency":"HTG",
        "population":11123176,
        "capital":"Port-au-Prince",
        "continent":"North America",
        "area":27750.0
    },
    "HUN":{
        "name":"Hungary",
        "currency":"HUF",
        "population":9768785,
        "capital":"Budapest",
        "continent":"Europe",
        "area":93030.0
    },
    "IDN":{
        "name":"Indonesia",
        "currency":"IDR",
        "population":267663435,
        "capital":"Jakarta",
        "continent":"Asia",
        "area":1919440.0
    },
    "IRL":{
        "name":"Ireland",
        "currency":"EUR",
        "population":4853506,
        "capital":"Dublin",
        "continent":"Europe",
        "area":70280.0
    },
    "ISR":{
        "name":"Israel",
        "currency":"ILS",
        "population":8883800,
        "capital":"",
        "continent":"Asia",
        "area":20770.0
    },
    "IMN":{
        "name":"Isle of Man",
        "currency":"GBP",
        "population":84077,
        "capital":"Douglas",
        "continent":"Europe",
        "area":572.0
    },
    "IND":{
        "name":"India",
        "currency":"INR",
        "population":1352617328,
        "capital":"New Delhi",
        "continent":"Asia",
        "area":3287590.0
    },
    "IOT":{
        "name":"British Indian Ocean Territory",
        "currency":"USD",
        "population":4000,
        "capital":"",
        "continent":"Asia",
        "area":60.0
    },
    "IRQ":{
        "name":"Iraq",
        "currency":"IQD",
        "population":38433600,
        "capital":"Baghdad",
        "continent":"Asia",
        "area":437072.0
    },
    "IRN":{
        "name":"Iran",
        "currency":"IRR",
        "population":81800269,
        "capital":"Tehran",
        "continent":"Asia",
        "area":1648000.0
    },
    "ISL":{
        "name":"Iceland",
        "currency":"ISK",
        "population":353574,
        "capital":"Reykjavik",
        "continent":"Europe",
        "area":103000.0
    },
    "ITA":{
        "name":"Italy",
        "currency":"EUR",
        "population":60431283,
        "capital":"Rome",
        "continent":"Europe",
        "area":301230.0
    },
    "JEY":{
        "name":"Jersey",
        "currency":"GBP",
        "population":90812,
        "capital":"Saint Helier",
        "continent":"Europe",
        "area":116.0
    },
    "JAM":{
        "name":"Jamaica",
        "currency":"JMD",
        "population":2934855,
        "capital":"Kingston",
        "continent":"North America",
        "area":10991.0
    },
    "JOR":{
        "name":"Jordan",
        "currency":"JOD",
        "population":9956011,
        "capital":"Amman",
        "continent":"Asia",
        "area":92300.0
    },
    "JPN":{
        "name":"Japan",
        "currency":"JPY",
        "population":126529100,
        "capital":"Tokyo",
        "continent":"Asia",
        "area":377835.0
    },
    "KEN":{
        "name":"Kenya",
        "currency":"KES",
        "population":51393010,
        "capital":"Nairobi",
        "continent":"Africa",
        "area":582650.0
    },
    "KGZ":{
        "name":"Kyrgyzstan",
        "currency":"KGS",
        "population":6315800,
        "capital":"Bishkek",
        "continent":"Asia",
        "area":198500.0
    },
    "KHM":{
        "name":"Cambodia",
        "currency":"KHR",
        "population":16249798,
        "capital":"Phnom Penh",
        "continent":"Asia",
        "area":181040.0
    },
    "KIR":{
        "name":"Kiribati",
        "currency":"AUD",
        "population":115847,
        "capital":"Tarawa",
        "continent":"Oceania",
        "area":811.0
    },
    "COM":{
        "name":"Comoros",
        "currency":"KMF",
        "population":832322,
        "capital":"Moroni",
        "continent":"Africa",
        "area":2170.0
    },
    "KNA":{
        "name":"St Kitts and Nevis",
        "currency":"XCD",
        "population":52441,
        "capital":"Basseterre",
        "continent":"North America",
        "area":261.0
    },
    "PRK":{
        "name":"North Korea",
        "currency":"KPW",
        "population":25549819,
        "capital":"Pyongyang",
        "continent":"Asia",
        "area":120540.0
    },
    "KOR":{
        "name":"South Korea",
        "currency":"KRW",
        "population":51635256,
        "capital":"Seoul",
        "continent":"Asia",
        "area":98480.0
    },
    "KWT":{
        "name":"Kuwait",
        "currency":"KWD",
        "population":4137309,
        "capital":"Kuwait City",
        "continent":"Asia",
        "area":17820.0
    },
    "CYM":{
        "name":"Cayman Islands",
        "currency":"KYD",
        "population":64174,
        "capital":"George Town",
        "continent":"North America",
        "area":262.0
    },
    "KAZ":{
        "name":"Kazakhstan",
        "currency":"KZT",
        "population":18276499,
        "capital":"Nur-Sultan",
        "continent":"Asia",
        "area":2717300.0
    },
    "LAO":{
        "name":"Laos",
        "currency":"LAK",
        "population":7061507,
        "capital":"Vientiane",
        "continent":"Asia",
        "area":236800.0
    },
    "LBN":{
        "name":"Lebanon",
        "currency":"LBP",
        "population":6848925,
        "capital":"Beirut",
        "continent":"Asia",
        "area":10400.0
    },
    "LCA":{
        "name":"Saint Lucia",
        "currency":"XCD",
        "population":181889,
        "capital":"Castries",
        "continent":"North America",
        "area":616.0
    },
    "LIE":{
        "name":"Liechtenstein",
        "currency":"CHF",
        "population":37910,
        "capital":"Vaduz",
        "continent":"Europe",
        "area":160.0
    },
    "LKA":{
        "name":"Sri Lanka",
        "currency":"LKR",
        "population":21670000,
        "capital":"Colombo",
        "continent":"Asia",
        "area":65610.0
    },
    "LBR":{
        "name":"Liberia",
        "currency":"LRD",
        "population":4818977,
        "capital":"Monrovia",
        "continent":"Africa",
        "area":111370.0
    },
    "LSO":{
        "name":"Lesotho",
        "currency":"LSL",
        "population":2108132,
        "capital":"Maseru",
        "continent":"Africa",
        "area":30355.0
    },
    "LTU":{
        "name":"Lithuania",
        "currency":"EUR",
        "population":2789533,
        "capital":"Vilnius",
        "continent":"Europe",
        "area":65200.0
    },
    "LUX":{
        "name":"Luxembourg",
        "currency":"EUR",
        "population":607728,
        "capital":"Luxembourg",
        "continent":"Europe",
        "area":2586.0
    },
    "LVA":{
        "name":"Latvia",
        "currency":"EUR",
        "population":1926542,
        "capital":"Riga",
        "continent":"Europe",
        "area":64589.0
    },
    "LBY":{
        "name":"Libya",
        "currency":"LYD",
        "population":6678567,
        "capital":"Tripoli",
        "continent":"Africa",
        "area":1759540.0
    },
    "MAR":{
        "name":"Morocco",
        "currency":"MAD",
        "population":36029138,
        "capital":"Rabat",
        "continent":"Africa",
        "area":446550.0
    },
    "MCO":{
        "name":"Monaco",
        "currency":"EUR",
        "population":38682,
        "capital":"Monaco",
        "continent":"Europe",
        "area":1.95
    },
    "MDA":{
        "name":"Moldova",
        "currency":"MDL",
        "population":3545883,
        "capital":"Chisinau",
        "continent":"Europe",
        "area":33843.0
    },
    "MNE":{
        "name":"Montenegro",
        "currency":"EUR",
        "population":622345,
        "capital":"Podgorica",
        "continent":"Europe",
        "area":14026.0
    },
    "MAF":{
        "name":"Saint Martin",
        "currency":"EUR",
        "population":37264,
        "capital":"Marigot",
        "continent":"North America",
        "area":53.0
    },
    "MDG":{
        "name":"Madagascar",
        "currency":"MGA",
        "population":26262368,
        "capital":"Antananarivo",
        "continent":"Africa",
        "area":587040.0
    },
    "MHL":{
        "name":"Marshall Islands",
        "currency":"USD",
        "population":58413,
        "capital":"Majuro",
        "continent":"Oceania",
        "area":181.3
    },
    "MKD":{
        "name":"North Macedonia",
        "currency":"MKD",
        "population":2082958,
        "capital":"Skopje",
        "continent":"Europe",
        "area":25333.0
    },
    "MLI":{
        "name":"Mali",
        "currency":"XOF",
        "population":19077690,
        "capital":"Bamako",
        "continent":"Africa",
        "area":1240000.0
    },
    "MMR":{
        "name":"Myanmar",
        "currency":"MMK",
        "population":53708395,
        "capital":"Nay Pyi Taw",
        "continent":"Asia",
        "area":678500.0
    },
    "MNG":{
        "name":"Mongolia",
        "currency":"MNT",
        "population":3170208,
        "capital":"Ulaanbaatar",
        "continent":"Asia",
        "area":1565000.0
    },
    "MAC":{
        "name":"Macao",
        "currency":"MOP",
        "population":631636,
        "capital":"Macao",
        "continent":"Asia",
        "area":254.0
    },
    "MNP":{
        "name":"Northern Mariana Islands",
        "currency":"USD",
        "population":56882,
        "capital":"Saipan",
        "continent":"Oceania",
        "area":477.0
    },
    "MTQ":{
        "name":"Martinique",
        "currency":"EUR",
        "population":432900,
        "capital":"Fort-de-France",
        "continent":"North America",
        "area":1100.0
    },
    "MRT":{
        "name":"Mauritania",
        "currency":"MRU",
        "population":4403319,
        "capital":"Nouakchott",
        "continent":"Africa",
        "area":1030700.0
    },
    "MSR":{
        "name":"Montserrat",
        "currency":"XCD",
        "population":9341,
        "capital":"Plymouth",
        "continent":"North America",
        "area":102.0
    },
    "MLT":{
        "name":"Malta",
        "currency":"EUR",
        "population":483530,
        "capital":"Valletta",
        "continent":"Europe",
        "area":316.0
    },
    "MUS":{
        "name":"Mauritius",
        "currency":"MUR",
        "population":1265303,
        "capital":"Port Louis",
        "continent":"Africa",
        "area":2040.0
    },
    "MDV":{
        "name":"Maldives",
        "currency":"MVR",
        "population":515696,
        "capital":"Male",
        "continent":"Asia",
        "area":300.0
    },
    "MWI":{
        "name":"Malawi",
        "currency":"MWK",
        "population":17563749,
        "capital":"Lilongwe",
        "continent":"Africa",
        "area":118480.0
    },
    "MEX":{
        "name":"Mexico",
        "currency":"MXN",
        "population":126190788,
        "capital":"Mexico City",
        "continent":"North America",
        "area":1972550.0
    },
    "MYS":{
        "name":"Malaysia",
        "currency":"MYR",
        "population":31528585,
        "capital":"Kuala Lumpur",
        "continent":"Asia",
        "area":329750.0
    },
    "MOZ":{
        "name":"Mozambique",
        "currency":"MZN",
        "population":29495962,
        "capital":"Maputo",
        "continent":"Africa",
        "area":801590.0
    },
    "NAM":{
        "name":"Namibia",
        "currency":"NAD",
        "population":2448255,
        "capital":"Windhoek",
        "continent":"Africa",
        "area":825418.0
    },
    "NCL":{
        "name":"New Caledonia",
        "currency":"XPF",
        "population":284060,
        "capital":"Noumea",
        "continent":"Oceania",
        "area":19060.0
    },
    "NER":{
        "name":"Niger",
        "currency":"XOF",
        "population":22442948,
        "capital":"Niamey",
        "continent":"Africa",
        "area":1267000.0
    },
    "NFK":{
        "name":"Norfolk Island",
        "currency":"AUD",
        "population":1828,
        "capital":"Kingston",
        "continent":"Oceania",
        "area":34.6
    },
    "NGA":{
        "name":"Nigeria",
        "currency":"NGN",
        "population":195874740,
        "capital":"Abuja",
        "continent":"Africa",
        "area":923768.0
    },
    "NIC":{
        "name":"Nicaragua",
        "currency":"NIO",
        "population":6465513,
        "capital":"Managua",
        "continent":"North America",
        "area":129494.0
    },
    "NLD":{
        "name":"Netherlands",
        "currency":"EUR",
        "population":17231017,
        "capital":"Amsterdam",
        "continent":"Europe",
        "area":41526.0
    },
    "NOR":{
        "name":"Norway",
        "currency":"NOK",
        "population":5314336,
        "capital":"Oslo",
        "continent":"Europe",
        "area":324220.0
    },
    "NPL":{
        "name":"Nepal",
        "currency":"NPR",
        "population":28087871,
        "capital":"Kathmandu",
        "continent":"Asia",
        "area":140800.0
    },
    "NRU":{
        "name":"Nauru",
        "currency":"AUD",
        "population":12704,
        "capital":"Yaren District",
        "continent":"Oceania",
        "area":21.0
    },
    "NIU":{
        "name":"Niue",
        "currency":"NZD",
        "population":2166,
        "capital":"Alofi",
        "continent":"Oceania",
        "area":260.0
    },
    "NZL":{
        "name":"New Zealand",
        "currency":"NZD",
        "population":4885500,
        "capital":"Wellington",
        "continent":"Oceania",
        "area":268680.0
    },
    "OMN":{
        "name":"Oman",
        "currency":"OMR",
        "population":4829483,
        "capital":"Muscat",
        "continent":"Asia",
        "area":212460.0
    },
    "PAN":{
        "name":"Panama",
        "currency":"PAB",
        "population":4176873,
        "capital":"Panama City",
        "continent":"North America",
        "area":78200.0
    },
    "PER":{
        "name":"Peru",
        "currency":"PEN",
        "population":31989256,
        "capital":"Lima",
        "continent":"South America",
        "area":1285220.0
    },
    "PYF":{
        "name":"French Polynesia",
        "currency":"XPF",
        "population":277679,
        "capital":"Papeete",
        "continent":"Oceania",
        "area":4167.0
    },
    "PNG":{
        "name":"Papua New Guinea",
        "currency":"PGK",
        "population":8606316,
        "capital":"Port Moresby",
        "continent":"Oceania",
        "area":462840.0
    },
    "PHL":{
        "name":"Philippines",
        "currency":"PHP",
        "population":106651922,
        "capital":"Manila",
        "continent":"Asia",
        "area":300000.0
    },
    "PAK":{
        "name":"Pakistan",
        "currency":"PKR",
        "population":212215030,
        "capital":"Islamabad",
        "continent":"Asia",
        "area":803940.0
    },
    "POL":{
        "name":"Poland",
        "currency":"PLN",
        "population":37978548,
        "capital":"Warsaw",
        "continent":"Europe",
        "area":312685.0
    },
    "SPM":{
        "name":"Saint Pierre and Miquelon",
        "currency":"EUR",
        "population":7012,
        "capital":"Saint-Pierre",
        "continent":"North America",
        "area":242.0
    },
    "PCN":{
        "name":"Pitcairn Islands",
        "currency":"NZD",
        "population":46,
        "capital":"Adamstown",
        "continent":"Oceania",
        "area":47.0
    },
    "PRI":{
        "name":"Puerto Rico",
        "currency":"USD",
        "population":3195153,
        "capital":"San Juan",
        "continent":"North America",
        "area":9104.0
    },
    "PSE":{
        "name":"Palestine",
        "currency":"ILS",
        "population":4569087,
        "capital":"",
        "continent":"Asia",
        "area":5970.0
    },
    "PRT":{
        "name":"Portugal",
        "currency":"EUR",
        "population":10281762,
        "capital":"Lisbon",
        "continent":"Europe",
        "area":92391.0
    },
    "PLW":{
        "name":"Palau",
        "currency":"USD",
        "population":17907,
        "capital":"Ngerulmud",
        "continent":"Oceania",
        "area":458.0
    },
    "PRY":{
        "name":"Paraguay",
        "currency":"PYG",
        "population":6956071,
        "capital":"Asuncion",
        "continent":"South America",
        "area":406750.0
    },
    "QAT":{
        "name":"Qatar",
        "currency":"QAR",
        "population":2781677,
        "capital":"Doha",
        "continent":"Asia",
        "area":11437.0
    },
    "REU":{
        "name":"Reunion",
        "currency":"EUR",
        "population":776948,
        "capital":"Saint-Denis",
        "continent":"Africa",
        "area":2517.0
    },
    "ROU":{
        "name":"Romania",
        "currency":"RON",
        "population":19473936,
        "capital":"Bucharest",
        "continent":"Europe",
        "area":237500.0
    },
    "SRB":{
        "name":"Serbia",
        "currency":"RSD",
        "population":6982084,
        "capital":"Belgrade",
        "continent":"Europe",
        "area":88361.0
    },
    "RUS":{
        "name":"Russia",
        "currency":"RUB",
        "population":144478050,
        "capital":"Moscow",
        "continent":"Europe",
        "area":17100000.0
    },
    "RWA":{
        "name":"Rwanda",
        "currency":"RWF",
        "population":12301939,
        "capital":"Kigali",
        "continent":"Africa",
        "area":26338.0
    },
    "SAU":{
        "name":"Saudi Arabia",
        "currency":"SAR",
        "population":33699947,
        "capital":"Riyadh",
        "continent":"Asia",
        "area":1960582.0
    },
    "SLB":{
        "name":"Solomon Islands",
        "currency":"SBD",
        "population":652858,
        "capital":"Honiara",
        "continent":"Oceania",
        "area":28450.0
    },
    "SYC":{
        "name":"Seychelles",
        "currency":"SCR",
        "population":96762,
        "capital":"Victoria",
        "continent":"Africa",
        "area":455.0
    },
    "SDN":{
        "name":"Sudan",
        "currency":"SDG",
        "population":41801533,
        "capital":"Khartoum",
        "continent":"Africa",
        "area":1861484.0
    },
    "SWE":{
        "name":"Sweden",
        "currency":"SEK",
        "population":10183175,
        "capital":"Stockholm",
        "continent":"Europe",
        "area":449964.0
    },
    "SGP":{
        "name":"Singapore",
        "currency":"SGD",
        "population":5638676,
        "capital":"Singapore",
        "continent":"Asia",
        "area":692.7
    },
    "SHN":{
        "name":"Saint Helena",
        "currency":"SHP",
        "population":7460,
        "capital":"Jamestown",
        "continent":"Africa",
        "area":410.0
    },
    "SVN":{
        "name":"Slovenia",
        "currency":"EUR",
        "population":2067372,
        "capital":"Ljubljana",
        "continent":"Europe",
        "area":20273.0
    },
    "SJM":{
        "name":"Svalbard and Jan Mayen",
        "currency":"NOK",
        "population":2550,
        "capital":"Longyearbyen",
        "continent":"Europe",
        "area":62049.0
    },
    "SVK":{
        "name":"Slovakia",
        "currency":"EUR",
        "population":5447011,
        "capital":"Bratislava",
        "continent":"Europe",
        "area":48845.0
    },
    "SLE":{
        "name":"Sierra Leone",
        "currency":"SLL",
        "population":7650154,
        "capital":"Freetown",
        "continent":"Africa",
        "area":71740.0
    },
    "SMR":{
        "name":"San Marino",
        "currency":"EUR",
        "population":33785,
        "capital":"San Marino",
        "continent":"Europe",
        "area":61.2
    },
    "SEN":{
        "name":"Senegal",
        "currency":"XOF",
        "population":15854360,
        "capital":"Dakar",
        "continent":"Africa",
        "area":196190.0
    },
    "SOM":{
        "name":"Somalia",
        "currency":"SOS",
        "population":15008154,
        "capital":"Mogadishu",
        "continent":"Africa",
        "area":637657.0
    },
    "SUR":{
        "name":"Suriname",
        "currency":"SRD",
        "population":575991,
        "capital":"Paramaribo",
        "continent":"South America",
        "area":163270.0
    },
    "SSD":{
        "name":"South Sudan",
        "currency":"SSP",
        "population":8260490,
        "capital":"Juba",
        "continent":"Africa",
        "area":644329.0
    },
    "STP":{
        "name":"Sao Tome and Principe",
        "currency":"STN",
        "population":197700,
        "capital":"Sao Tome",
        "continent":"Africa",
        "area":1001.0
    },
    "SLV":{
        "name":"El Salvador",
        "currency":"USD",
        "population":6420744,
        "capital":"San Salvador",
        "continent":"North America",
        "area":21040.0
    },
    "SXM":{
        "name":"Sint Maarten",
        "currency":"ANG",
        "population":40654,
        "capital":"Philipsburg",
        "continent":"North America",
        "area":21.0
    },
    "SYR":{
        "name":"Syria",
        "currency":"SYP",
        "population":16906283,
        "capital":"Damascus",
        "continent":"Asia",
        "area":185180.0
    },
    "SWZ":{
        "name":"Eswatini",
        "currency":"SZL",
        "population":1136191,
        "capital":"Mbabane",
        "continent":"Africa",
        "area":17363.0
    },
    "TCA":{
        "name":"Turks and Caicos Islands",
        "currency":"USD",
        "population":37665,
        "capital":"Cockburn Town",
        "continent":"North America",
        "area":430.0
    },
    "TCD":{
        "name":"Chad",
        "currency":"XAF",
        "population":15477751,
        "capital":"N'Djamena",
        "continent":"Africa",
        "area":1284000.0
    },
    "ATF":{
        "name":"French Southern Territories",
        "currency":"EUR",
        "population":140,
        "capital":"Port-aux-Francais",
        "continent":"Antarctica",
        "area":7829.0
    },
    "TGO":{
        "name":"Togo",
        "currency":"XOF",
        "population":7889094,
        "capital":"Lome",
        "continent":"Africa",
        "area":56785.0
    },
    "THA":{
        "name":"Thailand",
        "currency":"THB",
        "population":69428524,
        "capital":"Bangkok",
        "continent":"Asia",
        "area":514000.0
    },
    "TJK":{
        "name":"Tajikistan",
        "currency":"TJS",
        "population":9100837,
        "capital":"Dushanbe",
        "continent":"Asia",
        "area":143100.0
    },
    "TKL":{
        "name":"Tokelau",
        "currency":"NZD",
        "population":1466,
        "capital":"",
        "continent":"Oceania",
        "area":10.0
    },
    "TLS":{
        "name":"Timor-Leste",
        "currency":"USD",
        "population":1267972,
        "capital":"Dili",
        "continent":"Oceania",
        "area":15007.0
    },
    "TKM":{
        "name":"Turkmenistan",
        "currency":"TMT",
        "population":5850908,
        "capital":"Ashgabat",
        "continent":"Asia",
        "area":488100.0
    },
    "TUN":{
        "name":"Tunisia",
        "currency":"TND",
        "population":11565204,
        "capital":"Tunis",
        "continent":"Africa",
        "area":163610.0
    },
    "TON":{
        "name":"Tonga",
        "currency":"TOP",
        "population":103197,
        "capital":"Nuku'alofa",
        "continent":"Oceania",
        "area":748.0
    },
    "TUR":{
        "name":"Turkey",
        "currency":"TRY",
        "population":82319724,
        "capital":"Ankara",
        "continent":"Asia",
        "area":780580.0
    },
    "TTO":{
        "name":"Trinidad and Tobago",
        "currency":"TTD",
        "population":1389858,
        "capital":"Port of Spain",
        "continent":"North America",
        "area":5128.0
    },
    "TUV":{
        "name":"Tuvalu",
        "currency":"AUD",
        "population":11508,
        "capital":"Funafuti",
        "continent":"Oceania",
        "area":26.0
    },
    "TWN":{
        "name":"Taiwan",
        "currency":"TWD",
        "population":23451837,
        "capital":"Taipei",
        "continent":"Asia",
        "area":35980.0
    },
    "TZA":{
        "name":"Tanzania",
        "currency":"TZS",
        "population":56318348,
        "capital":"Dodoma",
        "continent":"Africa",
        "area":945087.0
    },
    "UKR":{
        "name":"Ukraine",
        "currency":"UAH",
        "population":44622516,
        "capital":"Kyiv",
        "continent":"Europe",
        "area":603700.0
    },
    "UGA":{
        "name":"Uganda",
        "currency":"UGX",
        "population":42723139,
        "capital":"Kampala",
        "continent":"Africa",
        "area":236040.0
    },
    "UMI":{
        "name":"U.S. Outlying Islands",
        "currency":"USD",
        "population":0,
        "capital":"",
        "continent":"Oceania",
        "area":0.0
    },
    "USA":{
        "name":"United States",
        "currency":"USD",
        "population":327167434,
        "capital":"Washington",
        "continent":"North America",
        "area":9629091.0
    },
    "URY":{
        "name":"Uruguay",
        "currency":"UYU",
        "population":3449299,
        "capital":"Montevideo",
        "continent":"South America",
        "area":176220.0
    },
    "UZB":{
        "name":"Uzbekistan",
        "currency":"UZS",
        "population":32955400,
        "capital":"Tashkent",
        "continent":"Asia",
        "area":447400.0
    },
    "VAT":{
        "name":"Vatican City",
        "currency":"EUR",
        "population":921,
        "capital":"Vatican City",
        "continent":"Europe",
        "area":0.44
    },
    "VCT":{
        "name":"St Vincent and Grenadines",
        "currency":"XCD",
        "population":110211,
        "capital":"Kingstown",
        "continent":"North America",
        "area":389.0
    },
    "VEN":{
        "name":"Venezuela",
        "currency":"VES",
        "population":28870195,
        "capital":"Caracas",
        "continent":"South America",
        "area":912050.0
    },
    "VGB":{
        "name":"British Virgin Islands",
        "currency":"USD",
        "population":29802,
        "capital":"Road Town",
        "continent":"North America",
        "area":153.0
    },
    "VIR":{
        "name":"U.S. Virgin Islands",
        "currency":"USD",
        "population":106977,
        "capital":"Charlotte Amalie",
        "continent":"North America",
        "area":352.0
    },
    "VNM":{
        "name":"Vietnam",
        "currency":"VND",
        "population":95540395,
        "capital":"Hanoi",
        "continent":"Asia",
        "area":329560.0
    },
    "VUT":{
        "name":"Vanuatu",
        "currency":"VUV",
        "population":292680,
        "capital":"Port Vila",
        "continent":"Oceania",
        "area":12200.0
    },
    "WLF":{
        "name":"Wallis and Futuna",
        "currency":"XPF",
        "population":16025,
        "capital":"Mata-Utu",
        "continent":"Oceania",
        "area":274.0
    },
    "WSM":{
        "name":"Samoa",
        "currency":"WST",
        "population":196130,
        "capital":"Apia",
        "continent":"Oceania",
        "area":2944.0
    },
    "XKX":{
        "name":"Kosovo",
        "currency":"EUR",
        "population":1845300,
        "capital":"Pristina",
        "continent":"Europe",
        "area":10908.0
    },
    "YEM":{
        "name":"Yemen",
        "currency":"YER",
        "population":28498687,
        "capital":"Sanaa",
        "continent":"Asia",
        "area":527970.0
    },
    "MYT":{
        "name":"Mayotte",
        "currency":"EUR",
        "population":279471,
        "capital":"Mamoudzou",
        "continent":"Africa",
        "area":374.0
    },
    "ZAF":{
        "name":"South Africa",
        "currency":"ZAR",
        "population":57779622,
        "capital":"Pretoria",
        "continent":"Africa",
        "area":1219912.0
    },
    "ZMB":{
        "name":"Zambia",
        "currency":"ZMW",
        "population":17351822,
        "capital":"Lusaka",
        "continent":"Africa",
        "area":752614.0
    },
    "ZWE":{
        "name":"Zimbabwe",
        "currency":"ZWL",
        "population":14439018,
        "capital":"Harare",
        "continent":"Africa",
        "area":390580.0
    }
}